neighbourhood,OBJECTID,Hood_ID,assault,auto_theft,break_and_enter,robbery,theft_over,homicide,shooting,violent_crime,theft,pop,pop_density,n_children,n_youth,n_seniors,perc_low_income,n_lat_american,Immigrants,n_aboriginal_identity,n_visible_minority,south_asian,Chinese,Black,Filipino,Arab,southeast_asian,west_asian,Korean,Japanese,not_visible_minority,unemp_rate,n_female,n_postsecondary,n_asian,perc_children,perc_youth,perc_seniors,perc_lat_american,perc_immigrants,perc_aboriginal,perc_visible_minority,perc_south_asian,perc_chinese,perc_black,perc_Filipino,perc_Arab,perc_southeast_asian,perc_west_asian,perc_Korean,perc_Japanese,perc_not_visible_minority,perc_female,perc_postsecondary,perc_asian
Agincourt North,80,129,78,16,49,13,5,0,0,78,34,29113,3929,3840,3705,6045,17.5,170,19995,30,26365,5315,16460,1340,1420,275,260,125,70,60,2465,9.8,15200,10120,23710,13.189983856009343,12.726273486071516,20.763919898327206,0.583931576958747,68.68065812523615,0.103046748875073,90.56091780304331,18.256449009033766,56.538316216123384,4.602754783086594,4.877546113420122,0.9445951980215025,0.893071823583966,0.4293614536461375,0.24044241404183697,0.206093497750146,8.46700786590183,52.21035276337032,34.76110328719129,81.44128052759936
Agincourt South-Malvern West,81,128,133,27,61,21,12,0,3,136,60,23757,3034,3075,3360,4105,18.7,230,15095,70,20155,4190,11110,1545,1280,300,155,375,140,40,3320,9.8,12145,9570,17290,12.943553478974618,14.143199898977144,17.279117733720586,0.9681357073704593,63.539167403291664,0.2946499978953571,84.83815296544176,17.636907016879235,46.7651639516774,6.503346382118955,5.387885675800817,1.2627857052658165,0.6524392810540052,1.5784821315822706,0.5892999957907142,0.16837142736877553,13.974828471608369,51.12177463484446,40.28286399797955,72.77854948015322
Alderwood,87,020,39,17,26,10,10,0,0,39,37,12054,2435,1760,1235,2015,7.1,180,3970,180,2490,540,275,300,615,90,55,20,65,35,9535,6.1,6140,4615,1605,14.600962336153975,10.245561639289862,16.716442674630827,1.4932802389248383,32.935125269620045,1.4932802389248383,20.65704330512693,4.479840716774515,2.281400365024058,2.4888003982080638,5.1020408163265305,0.7466401194624191,0.4562800730048117,0.16592002654720425,0.5392400862784138,0.29036004645760743,79.10237265637963,50.9374481499917,38.286046125767385,13.315082130413142
Annex,57,095,279,21,124,47,22,0,5,284,90,30526,10863,2360,3750,5910,18.9,405,8270,255,7270,1125,2145,935,350,300,190,340,605,255,21380,6.7,16205,19905,5010,7.731114459804757,12.284609840791456,19.360545109087333,1.3267378628054773,27.09165956889209,0.835353469173819,23.815763611347705,3.685382952237437,7.026796828932714,3.0629627203040033,1.146563585140536,0.9827687872633165,0.6224202319334339,1.1138046255650922,1.9819170543143547,0.835353469173819,70.03865557229902,53.08589399200682,65.20670903492105,16.412238747297387
Banbury-Don Mills,85,042,86,6,57,18,11,0,2,88,35,27695,2775,3605,2730,6975,11.2,350,13195,115,12700,2825,4630,970,1135,550,110,755,560,210,14290,7.2,14895,15135,10225,13.01679003430222,9.85737497743275,25.185051453330924,1.2637660227477885,47.64397905759162,0.4152374074742733,45.85665282541975,10.20039718360715,16.717819100920746,3.5024372630438707,4.098212673767828,1.9859180357465245,0.39718360714930495,2.726123849070229,2.0220256363964615,0.758259613648673,51.5977613287597,53.78227116808089,54.64885358367937,36.92002166456039
Bathurst Manor,86,034,71,25,33,11,4,0,0,71,40,15873,3377,2325,1940,2940,14.2,575,8020,60,5420,550,655,550,1950,155,150,270,305,35,10165,7.2,8350,7590,3915,14.647514647514647,12.222012222012223,18.52201852201852,3.622503622503623,50.526050526050525,0.378000378000378,34.14603414603415,3.465003465003465,4.126504126504126,3.465003465003465,12.285012285012286,0.9765009765009766,0.945000945000945,1.7010017010017011,1.9215019215019213,0.2205002205002205,64.03956403956403,52.605052605052606,47.81704781704782,24.664524664524663
Bay Street Corridor,94,076,659,26,121,101,40,1,2,662,167,25797,14097,1695,6860,2420,36.1,460,10455,165,15925,2420,7435,775,380,1310,340,615,1340,335,9675,10.2,13595,17230,12865,6.5705314571461795,26.592239407683067,9.38093576772493,1.7831530798154824,40.52796836841493,0.6396092568903361,61.73198433926426,9.38093576772493,28.82118075745242,3.004225297515215,1.4730395007171377,5.078109857735395,1.3179827111679654,2.3839981393185257,5.194402449897275,1.2986006124743188,37.50436097220607,52.69992634802496,66.790712098306,49.870139938752565
Bayview Village,114,052,78,14,33,11,5,0,0,78,30,21396,4195,2415,2505,3615,20.4,410,12625,55,14505,1360,5860,755,765,355,200,2440,1655,180,6635,7.7,11365,13395,12460,11.287156477846326,11.70779584969153,16.89568143578239,1.9162460272948216,59.00635632828566,0.25705739390540283,67.79304542905216,6.356328285660871,27.38829687792111,3.528696952701439,3.57543466068424,1.6591886333894186,0.9347541596560104,11.404000747803329,7.735090671153487,0.8412787436904094,31.010469246588144,53.1174051224528,62.6051598429613,58.23518414656945
Bayview Woods-Steeles,46,049,37,18,33,0,1,0,1,38,19,13154,3240,1515,1635,3685,15.4,150,7535,35,8250,670,4360,530,175,130,135,1015,710,70,4405,8,7125,7070,7135,11.51740915310932,12.42967918503877,28.014292230500224,1.1403375399118139,57.282955754903455,0.2660787593127566,62.71856469514976,5.093507678272768,33.14581116010339,4.0291926410217425,1.3303937965637829,0.9882925345902387,1.0263037859206325,7.716284020069941,5.397597688915919,0.5321575186255132,33.48791242207694,54.16603314581116,53.747909381176825,54.24205564847194
Bedford Park-Nortown,115,039,31,30,100,16,7,0,1,32,53,23236,4209,4555,3210,3980,8.3,345,6805,50,4845,455,1030,315,1790,90,75,305,195,65,18270,5.5,12400,12225,3915,19.603201928042694,13.814770184196936,17.12859356171458,1.484765019796867,29.286452057152694,0.21518333620244448,20.85126527801687,1.9581683594422448,4.432776725770356,1.3556550180754003,7.703563436047513,0.3873300051644001,0.32277500430366673,1.3126183508349114,0.8392150111895335,0.27973833706317786,78.62799104837322,53.36546737820623,52.612325701497674,16.848855224651402
Beechborough-Greenbrook,69,112,62,9,11,18,4,0,0,62,31,6577,3614,1120,855,965,21.9,335,3425,85,3760,330,110,2070,395,70,215,10,15,0,2610,11.4,3465,1660,1075,17.029040596016422,12.999847954994678,14.672343013532005,5.093507678272768,52.0754143226395,1.292382545233389,57.16892200091227,5.017485175611982,1.672495058537327,31.473316101566063,6.00577771020222,1.0643150372510264,3.268967614413867,0.1520450053215752,0.2280675079823628,0,39.68374638893113,52.6835943439258,25.239470883381482,16.344838072069333
Bendale,89,127,254,47,58,63,12,3,5,262,122,29960,4011,4550,4605,5250,19.4,530,15865,140,21075,8305,4400,1910,2885,335,310,815,205,155,8020,8.8,15590,11245,17075,15.186915887850466,15.37049399198932,17.523364485981308,1.7690253671562084,52.953938584779706,0.46728971962616817,70.3437917222964,27.72029372496662,14.686248331108146,6.375166889185581,9.629506008010681,1.1181575433911883,1.034712950600801,2.720293724966622,0.6842456608811749,0.5173564753004005,26.769025367156207,52.03604806408545,37.533377837116156,56.99265687583445
Birchcliffe-Cliffside,90,122,198,15,76,22,6,0,0,198,43,22291,3765,3345,2440,3910,12.9,225,6080,400,5740,1405,1190,890,830,105,265,95,30,195,15940,8.8,11570,9265,4010,15.006056255888026,10.946121753173927,17.540711497913954,1.0093759813377596,27.275582073482575,1.794446189044906,25.750302812794402,6.302992239020232,5.338477412408595,3.992642770624916,3.7234758422681797,0.4710421246242878,1.1888206002422501,0.42618096989816523,0.13458346417836795,0.8747925171593917,71.5086806334395,51.904356018123906,41.56385985375264,17.989323045175183
Black Creek,95,024,276,51,27,43,8,1,16,293,102,21737,6282,4600,3290,2870,25.9,1780,12705,195,17435,2110,765,6315,920,705,2595,620,40,30,4125,12.7,11610,4265,7080,21.162073883240556,15.13548327736118,13.203293922804434,8.18880250264526,58.44872797534158,0.8970879146156322,80.2088604683259,9.70695128122556,3.5193448957997884,29.05184708101394,4.2324147766481115,3.243317845148824,11.938169940654184,2.8522795233932925,0.1840180337673092,0.1380135253254819,18.97685973225376,53.411234300961496,19.620922850439342,32.57119197681373
Blake-Jones,103,069,60,4,23,10,0,1,4,65,14,7727,8134,1405,885,895,21.1,80,2420,240,2960,445,950,950,55,45,90,145,15,35,4725,8.5,3975,3480,1735,18.182994693930375,11.453345412191018,11.58276174453216,1.0353306587291315,31.31875242655623,3.105991976187395,38.307234372977874,5.759026789180795,12.294551572408437,12.294551572408437,0.711789827876278,0.5823734955351365,1.164746991070273,1.876536818946551,0.19412449851171218,0.45295716319399504,61.14921703118934,51.44299210560372,45.03688365471722,22.453733661188043
Briar Hill-Belgravia,139,108,80,19,31,27,4,0,1,81,50,14257,7791,1855,1655,2100,14.8,920,8555,135,6500,410,260,1170,3035,45,170,40,130,70,7710,8.7,7635,6030,4115,13.011152416356877,11.608332748825138,14.729606509083256,6.452970470645998,60.00561127867012,0.9469032755839237,45.591639194781514,2.8757803184400648,1.8236655677912605,8.206495055060673,21.287788454794136,0.31563442519464124,1.192396717401978,0.2805639335063478,0.9118327838956303,0.4909868836361086,54.07869818334853,53.55264080802413,42.29501297608193,28.863014659465524
Bridle Path-Sunnybrook-York Mills,117,041,18,11,50,2,5,0,0,18,18,9266,1040,1435,1425,1785,8.4,65,3150,10,2765,375,1410,115,50,40,45,325,185,55,6415,8,4810,5525,2445,15.486725663716813,15.378804230520181,19.263975825598965,0.7014893157781136,33.99525145693934,0.10792143319663286,29.840276278868984,4.047053744873732,15.216922080725231,1.2410964817612777,0.5396071659831643,0.43168573278653144,0.4856464493848478,3.5074465788905678,1.996546514137708,0.5935678825814807,69.23159939563998,51.91020936758041,59.62659184113966,26.386790416576734
Broadview North,30,057,46,7,16,11,2,0,1,47,20,11499,6764,1470,1040,1865,18.5,250,4790,150,3135,630,470,565,500,125,85,140,70,70,8200,8.2,6055,5440,1965,12.783720323506392,9.044264718671188,16.218801634924777,2.1741020958344204,41.6557961561875,1.3044612575006522,27.263240281763636,5.478737281502739,4.087311940168711,4.91347073658579,4.348204191668841,1.0870510479172102,0.739194712583703,1.2174971736672753,0.6087485868336376,0.6087485868336376,71.31054874336898,52.65675276110966,47.30846160535699,17.088442473258546
Brookhaven-Amesbury,121,030,108,30,31,29,1,0,3,111,60,17757,5045,3360,2460,2130,19.3,1880,9725,110,11630,1190,450,4770,1250,50,1095,130,50,10,6075,10,9525,4885,4175,18.922115222165907,13.853691501942897,11.995269471194458,10.587373993354733,54.76713408796531,0.6194740102494791,65.49529762910402,6.7015824745170915,2.5342118601115056,26.862645717181955,7.039477389198626,0.281579095567945,6.166582192937996,0.732105648476657,0.281579095567945,0.05631581911358901,34.211860111505324,53.640817705693536,27.510277636988228,23.51185447992341
Cabbagetown-South St.James Town,100,071,137,9,51,25,7,0,0,137,41,11669,8335,800,1035,2250,20.2,260,3770,220,3170,525,720,510,485,110,125,50,95,35,7815,8,5080,7030,2035,6.855771702802296,8.869654640500471,19.281857914131457,2.2281258034107463,32.30782414945582,1.8853372182706316,27.1659953723541,4.499100179964008,6.170194532522067,4.370554460536464,4.156311594823892,0.9426686091353158,1.0712143285628588,0.4284857314251435,0.8141228897077727,0.2999400119976005,66.97231982174993,43.53415031279459,60.24509383837518,17.43936926900334
Caledonia-Fairbank,58,109,59,10,13,13,1,0,1,60,24,9955,6464,1490,1220,1325,12.1,825,5285,60,3585,230,235,860,890,0,160,10,30,10,6320,7.2,5040,2735,1565,14.967353088900051,12.255148166750377,13.309894525364138,8.287292817679557,53.088900050226016,0.6027122049221497,36.012054244098444,2.3103967855349072,2.360622802611753,8.63887493721748,8.940231039678553,0,1.607232546459066,0.10045203415369162,0.30135610246107486,0.10045203415369162,63.4856855851331,50.627825213460575,27.473631341034654,15.720743345052737
Casa Loma,51,096,43,5,19,1,7,0,0,43,13,10968,5683,1200,1080,2675,11.7,225,2885,95,1870,360,420,280,85,65,55,65,110,80,9025,6.6,5895,7255,1175,10.940919037199125,9.846827133479213,24.389132020423048,2.051422319474836,26.303792851932894,0.8661560904449308,17.049598832968634,3.282275711159737,3.8293216630196936,2.5528811086797956,0.774981765134938,0.5926331145149526,0.5014587892049599,0.5926331145149526,1.0029175784099198,0.7293946024799417,82.28482859226843,53.7472647702407,66.14697301239971,10.712983223924143
Centennial Scarborough,22,133,49,5,18,11,1,0,2,51,17,13362,2479,2150,1850,2385,5.3,115,4990,200,5810,2475,710,945,785,175,55,100,40,85,7525,7.6,6875,6640,4250,16.090405627900015,13.845232749588385,17.849124382577457,0.8606496033527915,37.34470887591678,1.49678191887442,43.4815147433019,18.522676246070947,5.313575812004191,7.072294566681634,5.874869031582099,1.3096841790151175,0.41161502769046554,0.74839095943721,0.299356383774884,0.6361323155216284,56.316419697650055,51.45187846130818,49.693159706630745,31.806615776081426
Church-Yonge Corridor,23,075,594,26,146,140,41,3,2,599,207,31340,23044,1260,5060,3010,25.8,695,10935,395,12440,2510,3835,1465,755,625,320,500,665,235,17880,8.5,14200,21580,8820,4.020421186981493,16.14550095724314,9.604339502233568,2.217613273771538,34.89151244416082,1.2603701340140394,39.6936821952776,8.008934269304403,12.236758136566687,4.67453733248245,2.409061901723038,1.994256541161455,1.0210593490746651,1.595405232929164,2.1218889597957884,0.7498404594767071,57.0516911295469,45.30950861518826,68.85768985322271,28.14294830887045
Clairlea-Birchmount,24,120,235,45,87,43,18,1,0,236,106,26984,3632,4565,3495,3630,16.2,375,13115,345,16110,6140,2120,2670,3140,160,250,185,110,180,10185,8.7,13825,10255,12125,16.917432552623776,12.952119774681293,13.45241624666469,1.3897124221761044,48.60287577823896,1.278535428402016,59.70204565668544,22.754224725763418,7.856507560035577,9.894752445893863,11.63652534835458,0.59294396679513794,0.9264749481174028,0.6855914616068781,0.40764897717165727,0.6670619626445301,37.744589386303,51.234064630892384,38.00400237177587,44.93403498369404
Clanton Park,47,033,57,50,41,4,6,1,0,58,60,16472,3979,2765,1910,2375,12.8,255,7485,60,6305,400,500,560,3315,155,210,165,175,50,10115,6.1,8665,8045,4815,16.786061194754737,11.595434677027683,14.418406993686256,1.5480815930063139,45.44074793589121,0.3642544924720738,38.27707625060709,2.428363283147159,3.0354541039339487,3.3997085964060223,20.125060709082078,0.940990772219524,1.2748907236522582,1.001699854298203,1.062408936376882,0.3035454103933949,61.40723652258377,52.604419621175325,48.84045653229723,29.231423020883923
Cliffcrest,25,123,110,10,59,25,3,0,0,110,38,15935,2273,2575,2145,2695,14.3,135,5835,200,6570,3000,765,990,775,80,60,165,55,90,9235,9.7,8180,6560,4910,16.159397552557266,13.460935048635081,16.91245685597741,0.8471917163476623,36.617508628804515,1.2550988390335738,41.229996862252904,18.82648258550361,4.80075305930342,6.212739253216191,4.863508001255099,0.5020395356134295,0.3765296517100722,1.0354565422026984,0.3451521807342328,0.5647944775651083,57.95418889237527,51.33354251647317,41.16724192030122,30.81267649827424
Corso Italia-Davenport,27,092,71,8,15,30,2,0,1,72,40,14133,7478,1910,1545,2015,13.2,1135,6095,140,3545,325,445,655,370,45,95,80,65,60,10570,7.2,7150,5200,1440,13.5144696808887,10.931861600509446,14.257411731408759,8.030849784193023,43.12601712304536,0.9905894006934125,25.083138753272483,2.2995825373239938,3.1486591664897756,4.634543267529895,2.617986273261162,0.3184037359371683,0.6721856647562443,0.5660510861105215,0.45991650746479873,0.4245383145828911,74.78949975235265,50.590815821127855,36.7933205971839,10.188919549989386
Danforth,13,066,88,6,41,26,4,0,0,88,36,9666,8554,1675,920,1515,13.5,85,2855,150,2480,705,820,340,90,25,65,30,65,90,7110,6.2,4890,4600,1865,17.32878129526174,9.517897786054212,15.673494723774054,0.8793709911028347,29.53651975998345,1.5518311607697082,25.656941858059177,7.293606455617629,8.483343678874405,3.5174839644113387,0.931098696461825,0.25863852679495136,0.6724601696668736,0.31036623215394166,0.6724601696668736,0.931098696461825,73.55679702048417,50.589695841092485,47.58948893027105,19.294434098903373
Danforth East York,10,059,41,12,42,4,4,0,0,41,20,17180,7881,3020,1450,2655,11.2,300,5575,250,5090,1030,1530,700,440,95,140,155,140,260,11985,6.9,8890,7970,3695,17.57857974388824,8.440046565774157,15.454016298020953,1.7462165308498252,32.45052386495926,1.4551804423748544,29.627473806752036,5.9953434225844005,8.90570430733411,4.074505238649592,2.5611175785797435,0.5529685681024448,0.8149010477299184,0.9022118742724098,0.8149010477299184,1.5133876600698486,69.76135040745052,51.74621653084982,46.39115250291036,21.50756693830035
Don Valley Village,118,047,137,27,66,25,8,0,1,138,60,27051,6441,4065,3280,4700,19.7,550,17865,40,19025,2890,6960,1285,2170,885,190,2450,835,135,7795,9.6,14130,14280,15630,15.027170899412221,12.125244907766811,17.374588739787807,2.03319655465602,66.041920816236,0.14786884033861966,70.33011718605597,10.683523714465268,25.729178218919817,4.750286495878156,8.021884588370115,3.27159809249196,0.7023769916084434,9.056966470740454,3.086762042068685,0.4990573361428413,28.815940260988505,52.23466784961739,52.78917600088722,57.77974936231563
Dorset Park,64,126,196,43,71,58,12,0,10,206,113,25003,4146,4250,3155,3780,17,270,14685,225,18940,7245,2745,2205,3430,810,265,795,25,65,5440,9.7,13300,9150,14570,16.997960244770628,12.618485781706196,15.118185817701876,1.079870415550134,58.7329520457545,0.899892012958445,75.7509098908131,28.97652281726193,10.978682558093029,8.818941726992762,13.718353797544294,3.239611246650402,1.0598728152621686,3.1796184457865055,0.09998800143982721,0.25996880374355075,21.757389113306402,53.19361676598808,36.59560852697676,58.2730072391313
Dovercourt-Wallace Emerson-Junction,66,093,264,30,78,42,11,0,1,265,83,36625,9819,4480,3925,4515,17,1510,14395,395,12275,2105,2825,2110,610,180,1000,210,435,245,23935,7.2,18565,16020,7430,12.2320819112628,10.716723549488055,12.32764505119454,4.122866894197952,39.303754266211605,1.0784982935153584,33.515358361774744,5.747440273037543,7.713310580204778,5.761092150170648,1.665529010238908,0.49146757679180886,2.7303754266211606,0.5733788395904437,1.1877133105802047,0.6689419795221843,65.35153583617748,50.689419795221845,43.74061433447099,20.286689419795223
Downsview-Roding-CFB,92,026,359,87,52,48,11,1,8,368,146,35052,2337,5725,4340,5535,15.9,3605,19515,245,20070,1380,780,5455,4535,255,2065,510,130,50,14945,7.9,18215,10310,9450,16.33287686865229,12.381604473353875,15.79082505991099,10.284719844802009,55.67442656624444,0.698961542850622,57.25778842862034,3.937007874015748,2.2252653200958576,15.562592719388338,12.937920803377839,0.7274905854159535,5.8912472897409565,1.454981170831907,0.3708775533493096,0.14264521282665754,42.63665411388794,51.96565103275134,29.41344288485678,26.959945224238275
Dufferin Grove,124,083,85,7,26,19,3,0,2,87,29,11785,8540,1285,1065,1515,18.1,490,4395,120,3630,665,845,595,170,90,235,45,120,60,8080,7.5,5940,5765,2140,10.903691132795927,9.03691132795927,12.855324565125159,4.1578277471361895,37.29316928298685,1.0182435299109036,30.801866779804836,5.642766228256258,7.170131523122613,5.04879083580823,1.4425116673737801,0.7636826474331778,1.9940602460755197,0.3818413237165889,1.0182435299109036,0.5091217649554518,68.56173101400086,50.40305473058974,48.91811624946967,18.158676283411115
East End-Danforth,105,062,170,22,77,40,11,0,2,172,73,21381,8038,3735,2210,2650,16.6,275,5920,450,6475,1700,1325,1285,685,145,95,155,190,165,14535,8.2,11105,10440,4315,17.46878069313877,10.336279874655068,12.394181750152004,1.2861886721855853,27.688134324867875,2.1046723726673213,30.283896917824237,7.950984518965437,6.197090875076002,6.010008886394463,3.203779056171367,0.6781722089705814,0.44431972311865675,0.7249427061409663,0.8886394462373135,0.7717132033113512,67.98091763715448,51.93863710771246,48.82839904588186,20.181469529021093
Edenbridge-Humber Valley,65,009,29,28,46,4,2,0,3,32,34,15535,2840,2120,1805,3290,8.2,675,5950,90,3230,390,370,795,200,100,55,55,270,100,11980,6.1,8245,7570,1440,13.64660444158352,11.618925008046347,21.177985194721597,4.345027357579659,38.30061152236885,0.5793369810106211,20.791760540714517,2.510460251046025,2.3817186997103312,5.11747666559382,1.2874155133569358,0.6437077566784679,0.3540392661731574,0.3540392661731574,1.7380109430318635,0.6437077566784679,77.11618925008045,53.07370453813969,48.72867718056003,9.269391696169938
Eglinton East,78,138,209,22,65,45,6,0,3,212,73,22776,7051,4180,3130,3505,20.4,400,13000,230,17375,6490,895,4130,2970,240,195,555,40,65,4880,10.8,12140,7485,11210,18.352651914295752,13.742536002809974,15.389005971197752,1.7562346329469618,57.077625570776256,1.0098349139445029,76.28644186863364,28.494906919564457,3.9295749912188267,18.13312258517738,13.040042149631189,1.053740779768177,0.8561643835616438,2.4367755532139093,0.17562346329469616,0.28538812785388123,21.426062521952932,53.30172110994029,32.863540569020024,49.2184755883386
Elms-Old Rexdale,79,005,69,16,10,20,0,0,3,72,36,9456,3306,1805,1440,1275,17.9,765,4725,30,6365,840,105,2930,465,40,370,285,105,15,3085,10,4960,2680,2185,19.088409475465312,15.228426395939088,13.483502538071065,8.09010152284264,49.96827411167513,0.31725888324873097,67.31175972927242,8.883248730964468,1.1104060913705585,30.985617597292723,4.917512690355331,0.4230118443316413,3.9128595600676817,3.013959390862944,1.1104060913705585,0.15862944162436549,32.62478849407783,52.45346869712352,28.341793570219963,23.107021996615906
Englemount-Lawrence,82,032,133,23,57,39,7,0,14,147,69,22372,6466,4805,3030,3725,17.8,550,9785,90,8855,365,390,2305,3950,90,215,180,175,25,13030,8.9,12515,9240,5300,21.477740032183085,13.543715358483817,16.65027713212945,2.4584301805828717,43.737707849097085,0.40228857500446985,39.58072590738423,1.6315036652959056,1.743250491686036,10.303057393170034,17.655998569640623,0.40228857500446985,0.9610227069551225,0.8045771500089397,0.7822277847309137,0.11174682639013053,58.24244591453602,55.940461290899336,41.301627033792236,23.69032719470767
Eringate-Centennial-West Deane,83,011,63,30,28,14,4,0,3,66,48,18588,2171,2635,2405,3765,7.5,400,8190,135,5130,1275,790,975,445,145,110,125,390,100,13395,7.4,9670,8375,3235,14.17581235205509,12.93845491715085,20.25500322788896,2.1519259737465033,44.06068431245965,0.7262750161394448,27.5984506132989,6.859264041316979,4.250053798149344,5.2453195610071015,2.3940176457929847,0.7800731654831073,0.5917796427802884,0.6724768667957822,2.0981278244028405,0.5379814934366258,72.06262104583602,52.02281041532171,45.055950075317405,17.403701312674844
Etobicoke West Mall,33,013,47,15,14,4,0,1,2,50,19,11848,6582,1695,1460,2060,14.7,445,5805,110,4520,1165,335,790,635,170,155,290,295,30,6950,7.9,6245,4835,2905,14.306212018906145,12.322754895340985,17.38690074274139,3.7559081701553003,48.99561107359892,0.9284267386900743,38.149898717083055,9.832883187035787,2.8274814314652263,6.667792032410532,5.359554355165429,1.4348413234301147,1.3082376772451048,2.447670492910196,2.4898717083051993,0.25320729237002026,58.65968939905469,52.70931802835922,40.808575286968264,24.51890614449696
Flemingdon Park,26,044,156,4,14,24,3,0,8,164,31,21933,9026,4385,3060,2980,27.2,390,14030,85,17220,7650,1015,2130,2270,370,230,2190,250,45,4695,10.6,11375,8200,13650,19.992705056307848,13.951579811243331,13.586832626635664,1.7781425249623852,63.96753750056992,0.3875438836456481,78.51183148680072,34.87894952810833,4.627729904709798,9.711393790179182,10.349701363242602,1.6869557288104682,1.0486481557470477,9.984954178634933,1.139834951898965,0.2051702913418137,21.406100396662563,51.86249031140291,37.38658642228606,62.234988373683485
Forest Hill North,34,102,31,7,19,9,2,0,0,31,18,12806,8054,2060,1500,2135,13.3,420,4975,90,3570,170,265,500,1595,65,20,165,115,55,9100,7.4,7025,7195,2385,16.086209589255038,11.713259409651727,16.671872559737622,3.2797126347024834,38.848977042011555,0.7027955645791035,27.87755739497111,1.3275027330938622,2.069342495705138,3.904419803217242,12.455099172263001,0.5075745744182415,0.15617679212868968,1.28845853506169,0.8980165547399657,0.4294861783538966,71.06044041855381,54.85709823520225,56.18460096829612,18.624082461346244
Forest Hill South,55,101,10,9,29,2,5,0,0,10,16,10732,4380,1365,1355,2260,9.8,140,2755,75,1775,245,460,205,335,40,75,90,45,35,8820,5.6,5840,6845,1285,12.718971300782705,12.625792023853895,21.058516585911295,1.3045098770033545,25.67089079388744,0.6988445769660827,16.539321654863958,2.2828922847558704,4.286246738725308,1.9101751770406263,3.1215057771151695,0.37271710771524413,0.6988445769660827,0.8386134923592994,0.4193067461796497,0.32612746925083863,82.18412225121133,54.416697726425646,63.781215057771156,11.973537085352218
Glenfield-Jane Heights,35,025,301,62,30,66,9,1,21,323,137,30491,5864,5790,4520,5005,20.9,3680,17790,145,23155,2150,1170,7360,1515,345,3985,425,10,10,7065,11.5,16270,6260,9265,18.98920993079925,14.824046439933095,16.414679741563084,12.069135154635795,58.34508543504641,0.47555016234298647,75.94044144173691,7.051261027844282,3.8371978616640976,24.13827030927159,4.968679282411204,1.1314814207471058,13.069430323702075,1.3938539241087533,0.03279656292020596,0.03279656292020596,23.17077170312551,53.3600078711751,20.530648388048935,30.38601554557082
Greenwood-Coxwell,36,065,96,13,62,12,7,1,2,99,32,14417,8582,2460,1305,1640,17.6,205,4385,350,5625,1070,2090,940,300,80,190,85,85,125,8755,7.2,7400,6840,3945,17.06318929042103,9.051813830894083,11.375459526947354,1.4219324408684193,30.415481722965943,2.427689533189984,39.0164389262676,7.421793715752237,14.496774641048763,6.520080460567386,2.080876742734272,0.5549004647291392,1.3178886037317057,0.5895817437747104,0.5895817437747104,0.8670319761392801,60.72691960879517,51.32829298744538,47.4439897343414,27.363529166955676
Guildwood,37,140,44,4,18,8,1,0,0,44,13,9917,2673,1295,1065,2635,6.7,120,3130,80,2870,815,275,625,490,30,70,45,45,100,6785,7.9,5305,4540,1840,13.05838459211455,10.73913481899768,26.57053544418675,1.2100433598870626,31.561964303720885,0.8066955732580418,28.94020369063225,8.2182111525663,2.7730160330745184,6.302309166078452,4.941010386205505,0.30251083997176564,0.7058586266007866,0.45376625995764847,0.45376625995764847,1.0083694665725522,68.41786830694765,53.4940002016739,45.77997378239387,18.55399818493496
Henry Farm,56,053,67,10,12,4,1,0,0,67,15,15723,6047,2505,2330,1460,25.4,365,9525,40,12030,3365,3080,810,1200,805,115,1255,445,50,3680,10.3,8035,8800,9510,15.932074031673347,14.819054887744068,9.2857597150671,2.321439928766775,60.580041976722,0.254404375755263,76.51211600839535,21.4017681104115,19.58913693315525,5.151688609044076,7.632131272657889,5.119888062074668,0.7314125802963811,7.981937289321377,2.830248680277301,0.3180054696940787,23.405202569484196,51.10347897983846,55.968962666157864,60.48464033581378
High Park North,70,088,103,7,28,30,2,0,0,103,39,22162,11726,2850,1890,3180,15.1,690,7670,210,5185,950,830,755,380,225,185,220,380,175,16640,7.1,11740,13615,3120,12.85985019402581,8.528111181301327,14.34888547964985,3.1134374153957225,34.60878982041332,0.9475679090334808,23.395902896850465,4.286616731341937,3.745149354751376,3.406732244382276,1.7146466925367747,1.0152513311073008,0.834762205577114,0.9926901904160275,1.7146466925367747,0.7896399241945672,75.08347622055771,52.97355834310983,61.433986102337336,14.078151791354571
High Park-Swansea,71,087,86,10,32,14,5,0,5,91,29,23925,4893,3540,2125,3800,10.4,475,6565,240,4465,800,740,855,325,150,240,85,270,150,18885,6,12820,14280,2610,14.796238244514107,8.881922675026123,15.882967607105538,1.9853709508881923,27.439916405433646,1.0031347962382446,18.66248693834901,3.343782654127482,3.0929989550679204,3.5736677115987465,1.3584117032392893,0.6269592476489028,1.0031347962382446,0.3552769070010449,1.128526645768025,0.6269592476489028,78.93416927899686,53.584117032392896,59.686520376175544,10.909090909090908
Highland Creek,72,134,73,8,35,11,1,0,0,73,20,12494,2403,1545,1925,2395,9.9,205,7015,65,9290,4515,955,1550,805,85,85,100,130,35,3185,8.5,6295,5540,6625,12.365935649111574,15.407395549863933,19.16920121658396,1.640787578037458,56.1469505362574,0.5202497198655355,74.35569073155115,36.1373459260445,7.643668961101328,12.405954858331999,6.443092684488555,0.6803265567472387,0.6803265567472387,0.800384184408516,1.040499439731071,0.28013446454298063,25.49223627341124,50.384184408516084,44.341283816231794,53.02545221706419
Hillcrest Village,62,048,44,23,34,16,2,0,0,44,41,16934,3148,2115,2170,4305,19.1,220,11285,30,12785,1525,8225,620,305,180,90,650,650,60,4130,8.3,8985,9175,11505,12.489665761190505,12.814456123774654,25.422227471359392,1.299161450336601,66.6410771229479,0.17715837959135466,75.49899610251565,9.00555096256053,48.57092240462974,3.6612731782213297,1.8011101925121058,1.062950277548128,0.531475138774064,3.838431557812685,3.838431557812685,0.35431675918270933,24.38880359040983,53.05893468761072,54.180937758355974,67.94023857328452
Humber Heights-Westmount,59,008,31,17,23,11,4,1,6,38,32,10948,3981,1450,1140,3045,10.8,485,4645,35,2745,325,100,1150,170,50,25,60,135,0,7365,7.4,6035,4285,815,13.244428206065034,10.41286079649251,27.813299232736572,4.430032882718304,42.42784070149799,0.319693094629156,25.073072707343808,2.968578735842163,0.9134088417975886,10.504201680672269,1.5527950310559007,0.4567044208987943,0.22835221044939716,0.5480453050785532,1.2331019364267446,0,67.2725611983924,55.12422360248447,39.13956887102667,7.444282060650346
Humber Summit,20,021,124,62,41,24,18,0,15,139,104,12416,1570,2155,1720,2380,16,895,7280,15,8140,3590,135,1835,345,205,440,255,45,0,4265,9.6,6375,3150,4810,17.356636597938145,13.853092783505156,19.16881443298969,7.208440721649484,58.634020618556704,0.1208118556701031,65.56056701030928,28.914304123711343,1.0873067010309279,14.779317010309278,2.778672680412371,1.6510953608247423,3.5438144329896906,2.0538015463917527,0.36243556701030927,0,34.350837628865975,51.345038659793815,25.370489690721648,38.740335051546396
Humbermede,21,022,111,45,24,23,1,1,4,116,69,15545,3565,2945,2225,2160,18.4,1830,9440,90,11970,3275,375,3440,880,155,1085,145,65,35,3565,10.2,8075,4315,5860,18.94499839176584,14.313284014152462,13.89514313284014,11.772274043100674,60.72692183981988,0.5789642972016726,77.00225152782245,21.067867481505306,2.4123512383403023,22.12930202637504,5.660984239305243,0.9971051785139916,6.979736249597941,0.9327758121582503,0.418140881312319,0.2251527822450949,22.93341910582181,51.94596333226118,27.758121582502408,37.69700868446446
Humewood-Cedarvale,11,106,51,17,26,6,5,0,0,51,28,14365,7682,2165,1610,1940,14.5,530,4660,160,4095,320,295,710,1435,115,80,55,150,120,10125,7.1,7735,8340,2455,15.071353985381133,11.20779672815872,13.505046989209884,3.689523146536721,32.439958231813435,1.1138183083884443,28.50678733031674,2.2276366167768886,2.053602506091194,4.94256874347372,9.989557953358858,0.8005569091541943,0.5569091541942222,0.38287504350852763,1.0442046641141665,0.8353637312913331,70.48381482770623,53.84615384615385,58.05777932474765,17.09014966933519
Ionview,28,125,105,5,17,9,4,0,0,105,18,13641,7031,2310,1645,1890,18.6,225,7795,120,9950,3730,600,1705,2400,235,135,175,35,10,3660,8.8,7155,5070,7085,16.934242357598418,12.059233194047357,13.85528920167143,1.6494391906751706,57.14390440583534,0.8797009016934242,72.94186643207976,27.344036360970602,4.398504508467122,12.49908364489407,17.594018033868487,1.7227475991496224,0.9896635144051023,1.2828971483029104,0.25657942966058206,0.07330840847445201,26.830877501649443,52.452166263470424,37.16736309654717,51.93900740414925
Islington-City Centre West,12,014,214,133,105,40,37,0,5,219,210,43965,2712,5820,4695,7405,13,1330,19590,250,16035,3525,1875,3055,1675,680,490,530,1620,195,27195,7.3,23060,22850,9910,13.237802797679974,10.678949164107813,16.842943250312747,3.0251336290230864,44.55817127260321,0.5686341407938132,36.472193790515185,8.017741385192767,4.264756055953599,6.9487092005003985,3.8098487433185486,1.546684862959172,1.114522915955874,1.205504378482884,3.68474923234391,0.44353462981917435,61.85602183555101,52.45081314682134,51.97316046855454,22.54065734106676
Junction Area,29,090,105,20,33,13,4,0,1,106,37,14366,5442,2190,1465,1500,13.2,490,4550,215,4160,525,885,550,615,30,395,35,70,115,9925,5.6,7355,7305,2640,15.244326882918,10.19768898788807,10.44131978282055,3.410831129054712,31.672003341222332,1.4965891688709452,28.95726019768899,3.654461923987192,6.160378671864124,3.828483920367534,4.280941110956425,0.20882639565641095,2.749547542809411,0.24363079493247947,0.48726158986495893,0.8005011833495754,69.08673256299596,51.19727133509676,50.849227342336064,18.376722817764165
Keelesdale-Eglinton West,48,110,55,15,14,23,0,0,2,57,38,11058,6467,1610,1430,1785,14.9,910,6185,100,4700,915,160,1195,760,25,335,75,20,40,6350,8.6,5695,2580,2305,14.559594863447279,12.931814071260625,16.142159522517634,8.229336227165852,55.93235666485802,0.9043226623259178,42.50316512931814,8.274552360282149,1.4469162597214686,10.80665581479472,6.872852233676976,0.22608066558147946,3.029480918791825,0.6782419967444384,0.18086453246518358,0.36172906493036716,57.42448905769578,51.50117561946102,23.33152468800868,20.844637366612407
Kennedy Park,44,124,212,12,46,27,5,0,2,214,44,17123,4770,2775,2175,2550,22.1,250,9465,310,11885,4165,1035,2130,2590,165,240,175,50,75,5215,9.1,8775,6125,8330,16.206272265374057,12.702213397185073,14.892250189803189,1.4600245284120774,55.276528645681246,1.810430415230976,69.40956608071016,24.32400864334521,6.044501547626,12.439408982070898,15.12585411434912,0.963616188751971,1.4016235472755942,1.0220171698884541,0.2920049056824155,0.43800735852362316,30.456111662675934,51.24686094726392,35.77060094609589,48.64801728669042
Kensington-Chinatown,52,078,377,31,81,62,20,5,5,387,113,17945,11806,1315,3350,2705,34.9,315,7615,140,10520,760,6075,880,445,300,585,195,330,220,6940,8.2,9165,8630,8610,7.3279465032042355,18.668152688771244,15.07383672332126,1.7553636110337139,42.43521872387851,0.780161604903873,58.623572025633884,4.235162998049596,33.85344106993591,4.9038729451100584,2.479799387015882,1.6717748676511563,3.2599609919197547,1.0866536639732516,1.838952354416272,1.2259682362775146,38.673725271663415,51.072722206742824,48.0913903594316,47.97993870158819
Kingsview Village-The Westway,45,006,128,42,34,27,5,2,14,144,74,22000,4356,4240,3020,3585,19.7,980,11425,65,13130,3630,410,5340,685,275,270,535,210,35,8835,9.9,11405,7175,5775,19.272727272727273,13.727272727272727,16.295454545454547,4.454545454545455,51.93181818181818,0.29545454545454547,59.68181818181818,16.5,1.8636363636363635,24.272727272727273,3.1136363636363638,1.25,1.2272727272727273,2.4318181818181817,0.9545454545454546,0.1590909090909091,40.159090909090914,51.84090909090909,32.61363636363636,26.25
Kingsway South,53,015,29,9,27,13,2,0,0,29,24,9271,3593,1580,1100,1995,4.1,55,1960,25,1100,205,300,80,110,20,25,40,135,45,8060,7.5,4945,5570,860,17.04239024916406,11.864955236759789,21.518714270305253,0.5932477618379894,21.14119296731744,0.2696580735627225,11.864955236759789,2.211196203214324,3.2358968827526695,0.8629058354007119,1.1864955236759789,0.21572645885017797,0.2696580735627225,0.43145291770035593,1.4561535972387014,0.48538453241290047,86.93776291662172,53.33836695070651,60.07981878977456,9.276237730557654
L'Amoreaux,84,117,173,27,50,38,4,2,7,182,69,43993,6144,6120,5730,8990,19.5,415,28325,155,33540,7240,16165,3625,2495,990,280,790,195,145,9945,10.9,23375,17375,27310,13.91130407110222,13.02479939990453,20.435069215557018,0.9433318937103631,64.38524310685791,0.35232877957856934,76.2394017230014,16.457163639669947,36.74448207669402,8.239947264337507,5.671356806764712,2.25035801150183,0.6364648921419316,1.79574023140045,0.4432523355988453,0.3295978905735003,22.605869115541108,53.13345304934876,39.494919646307366,62.07805787284341
Lambton Baby Point,93,114,20,1,9,5,2,0,0,20,8,7985,4697,1695,905,1025,15.1,150,2410,115,1950,270,175,835,170,40,35,55,50,10,6030,7.6,4240,3955,765,21.227301189730746,11.333750782717596,12.836568566061365,1.878522229179712,30.181590482154043,1.440200375704446,24.420788979336255,3.3813400125234816,2.1916092673763305,10.457107075767064,2.128991859737007,0.5009392611145899,0.4383218534752661,0.6887914840325611,0.6261740763932373,0.12523481527864747,75.51659361302441,53.09956167814652,49.53036944270507,9.580463368816531
Lansing-Westgate,3,038,67,26,41,6,5,0,1,68,37,16164,3038,2420,2105,2160,15.5,240,7075,60,6930,1005,1740,405,1045,185,90,975,875,70,9140,7.2,8480,9565,5800,14.971541697599605,13.022766641920317,13.3630289532294,1.4847809948032664,43.770106409304624,0.3711952487008166,42.87305122494432,6.2175204157386785,10.764662212323682,2.505567928730512,6.464983914872556,1.1445186834941845,0.5567928730512249,6.03192279138827,5.413264043553576,0.43306112348428605,56.545409552091066,52.46226181638208,59.17470923038852,35.882207374412275
Lawrence Park North,128,105,22,13,27,4,3,0,0,22,20,14607,6407,3280,1670,1935,6.1,100,3340,50,3110,355,1195,220,260,20,115,185,300,135,11455,6.4,7530,8400,2545,22.45498733483946,11.432874649140823,13.247073321010475,0.6846032724036422,22.865749298281646,0.3423016362018211,21.29116177175327,2.4303416170329295,8.181009105223524,1.5061271992880125,1.7799685082494694,0.1369206544807284,0.7872937632641883,1.266516053946738,2.0538098172109263,0.9242144177449169,78.4213048538372,51.55062641199425,57.50667488190594,17.42315328267269
Lawrence Park South,120,103,19,20,44,2,1,0,0,19,23,15179,4685,2845,2095,2235,6.8,110,3180,70,2560,315,865,240,295,30,45,245,125,60,12560,7.5,8005,9280,1950,18.74300019764148,13.801963238685024,14.724290137690229,0.7246854206469464,20.94999670597536,0.46116344950260224,16.865406153238027,2.07523552276171,5.698662625996443,1.581131826866065,1.9434745371895383,0.19764147835825813,0.29646221753738716,1.6140720732591078,0.8235061598260756,0.39528295671651625,82.74589893932406,52.737334475261875,61.13709730548784,12.846696093286777
Leaside-Bennington,138,056,38,4,33,9,3,0,0,38,16,16828,3596,3285,2175,2550,5.9,140,3375,155,2935,450,1025,280,225,75,85,160,200,75,13710,6.9,8825,9670,2220,19.521036367958164,12.924887092940338,15.153315902067982,0.8319467554076538,20.0558592821488,0.9210839077727597,17.44116947943903,2.674114570953173,6.091038744948895,1.6638935108153077,1.3370572854765865,0.4456857618255289,0.5051105300689327,0.9507962918944617,1.1884953648680772,0.4456857618255289,81.47135726170667,52.4423579748039,57.463750891371525,13.192298550035655
Little Portugal,132,084,110,12,40,9,4,2,0,112,25,15559,12859,1400,1605,1855,16.7,455,4835,250,4265,445,1435,640,190,55,325,85,180,120,10790,6.4,7925,8065,2780,8.998007584034964,10.315572980268655,11.922360048846327,2.924352464811363,31.07526190629218,1.6067870685776722,27.41178738993509,2.860080982068256,9.222957773635839,4.113374895558841,1.2211581721190308,0.3534931550870879,2.0888231891509736,0.5463076033164085,1.156886689375924,0.7712577929172826,69.34892987981233,50.935150073912205,51.8349508323157,17.867472202583716
Long Branch,122,019,60,13,28,7,0,0,0,60,20,10084,4584,1335,1130,1405,15.1,255,3445,160,2305,330,200,470,410,55,125,105,15,20,7760,7.1,5080,4615,1205,13.238794129313764,11.20587068623562,13.932963109877033,2.528758429194764,34.16303054343515,1.586671955573185,22.8579928599762,3.2725109083696946,1.9833399444664817,4.660848869496231,4.0658468861562875,0.5454184847282825,1.2395874652915508,1.0412534708449028,0.14875049583498612,0.19833399444664812,76.95358984529949,50.37683458944863,45.76556921856406,11.949623165410552
Malvern,123,132,279,35,65,64,8,4,10,293,107,43794,4948,7910,6620,5890,15.4,770,26900,245,39195,17465,3275,8295,4830,365,200,650,75,30,4580,10.5,22780,15080,26525,18.061834954559984,15.116225967027447,13.4493309585788,1.7582317212403527,61.42393935242271,0.559437365849203,89.49856144677352,39.879892222678905,7.478193359820979,18.94095081518016,11.028908069598575,0.8334475042243229,0.45668356395853316,1.4842215828652325,0.17125633648444993,0.06850253459377997,10.458053614650408,52.01625793487692,34.4339407224734,60.56765767000045
Maple Leaf,125,029,44,15,18,8,0,0,0,44,23,10111,4012,1500,1265,2030,11.8,645,5245,25,4300,985,140,790,1200,35,270,10,45,20,5565,8.1,5270,3055,2670,14.835327860745723,12.511126495895558,20.077143704875876,6.3791909801206605,51.87419641974088,0.24725546434576207,42.52793986747107,9.741865295223025,1.3846306003362674,7.81327267332608,11.868262288596577,0.34615765008406685,2.6703590149342302,0.09890218573830481,0.44505983582237163,0.19780437147660962,55.03906636336663,52.12145188408663,30.21461774305212,26.406883592127382
Markland Wood,126,012,25,13,19,10,2,0,0,25,25,10554,3614,1340,1165,2705,6.4,135,3890,60,1395,230,260,180,100,45,50,50,245,40,9060,6.2,5625,5375,975,12.69660792116733,11.03846882698503,25.63009285578927,1.2791358726549176,36.858063293537995,0.5685048322910745,13.21773735076748,2.1792685237824525,2.4635209399279896,1.7055144968732234,0.9475080538184575,0.42637862421830586,0.47375402690922874,0.47375402690922874,2.3213947318552206,0.37900322152738297,85.84422967595225,53.29732802728822,50.92855789274209,9.23820352472996
Milliken,135,130,91,35,67,42,10,0,1,92,87,26572,2830,3675,3195,5115,21.2,35,18265,10,25165,3080,18715,1070,1015,165,240,130,0,35,900,9.5,13725,8330,23215,13.830347734457323,12.023934969140448,19.249586030407947,0.13171759747102213,68.73776908023484,0.03763359927743489,94.70495258166491,11.591148577449948,70.43128104771941,4.026795122685534,3.8198103266596415,0.6209543880776758,0.9032063826584373,0.4892367906066536,0,0.13171759747102213,3.3870239349691404,51.65211500827939,31.348788198103268,87.3664007225651
Mimico (includes Humber Bay Shores),140,017,242,34,49,11,17,1,1,244,62,33964,4915,3505,3010,5160,15.6,985,13425,370,10395,1865,1635,1730,1145,340,405,335,515,200,22915,6.2,17445,18435,6100,10.319750323872336,8.862324814509481,15.192556824873396,2.900129548934166,39.527146390295606,1.089388764574255,30.60593569661995,5.4911082322459075,4.8139206218348845,5.09362854787422,3.3712165822635733,1.0010599458249911,1.192439053115063,0.9863384760334472,1.5163113885290307,0.5888587916617595,67.4684960546461,51.36320810269698,54.278059121422686,17.960193145683665
Morningside,130,135,164,14,19,10,0,0,1,165,24,17455,3041,2880,2690,2695,19.1,345,9495,120,12865,5155,880,3065,1865,135,210,270,65,65,4290,11.4,8990,6690,8510,16.49957032368949,15.41105700372386,15.439702091091378,1.9765110283586365,54.397020910913774,0.6874820968203953,73.70380979661988,29.533085075909483,5.0415353766829,17.559438556287596,10.684617588083643,0.7734173589229447,1.2030936694356917,1.5468347178458894,0.3723861357777141,0.3723861357777141,24.577484961329134,51.50386708679462,38.32712689773704,48.753938699513036
Moss Park,131,073,457,16,129,119,11,3,8,468,146,20506,14753,1540,2060,1900,29.7,395,6470,370,7860,1315,1435,2590,425,260,340,280,175,105,10595,6.9,8855,11400,4075,7.509997074027114,10.045840241880425,9.265580805617867,1.9262654832731885,31.551740953867164,1.8043499463571637,38.33024480639813,6.412757241782893,6.9979518189798116,12.630449624500145,2.072564127572418,1.2679215839266555,1.6580513020579342,1.3654540134594753,0.8534087584121721,0.5120452550473031,51.66780454501122,43.182483175655904,55.59348483370721,19.872232517312007
Mount Dennis,63,115,110,18,31,34,0,0,3,113,52,13593,6442,2395,1815,1685,21.2,1380,7430,125,9005,510,310,4360,860,75,655,95,155,45,4255,10.8,7175,3980,2630,17.619362907378797,13.35246082542485,12.396086220848966,10.152284263959391,54.66048701537556,0.9195909659383507,66.24733318619877,3.751931141028471,2.2805855955271093,32.07533289192967,6.326785845655852,0.5517545795630104,4.8186566615169575,0.6988891341131465,1.1402927977635546,0.33105274773780624,31.302876480541453,52.78452144486132,29.279776355477082,19.348193923342897
Mount Olive-Silverstone-Jamestown,99,002,271,42,34,110,4,1,6,278,156,32954,7291,7090,5240,3560,21.8,1085,21500,205,28455,11095,285,8390,815,2650,590,1415,70,10,4375,12.1,16925,8850,14280,21.514838866298476,15.900952843357407,10.802937427929841,3.2924682891303028,65.24245918553135,0.6220792620015779,86.34763609880439,33.66814347271955,0.8648419008314621,25.459731747284092,2.473144383079444,8.04151241123991,1.7903744613703951,4.293864174303574,0.21241730897614855,0.030345329853735514,13.276081811009286,51.35947077744735,26.855616920555924,43.33313103113431
Mount Pleasant East,101,099,22,8,15,3,1,0,0,22,12,16775,5411,2980,1705,2455,9.2,285,4510,115,3825,680,990,470,405,60,50,245,240,145,12930,6.9,8980,10160,2755,17.764530551415795,10.163934426229508,14.634873323397912,1.698956780923994,26.885245901639344,0.6855439642324889,22.801788375558868,4.053651266766021,5.901639344262295,2.8017883755588677,2.4143070044709387,0.35767511177347244,0.29806259314456035,1.460506706408346,1.4307004470938898,0.8643815201192251,77.07898658718331,53.53204172876303,60.56631892697466,16.423248882265277
Mount Pleasant West,102,104,110,4,40,14,6,1,1,112,24,29658,21969,2380,2520,4605,18.6,950,11295,225,9730,1895,1515,1185,1055,410,115,1125,745,240,19200,6.7,16275,19855,6690,8.024816238451681,8.496864252478252,15.527007889945377,3.2031829523231505,38.08415941735788,0.7586485939712725,32.807336974846585,6.389507047002494,5.108233866073235,3.9955492615820356,3.5572189628430775,1.3824263267920966,0.3877537258075393,3.7932429698563626,2.511969788927102,0.8092251669026906,64.73801335221525,54.87558163058871,66.94652370355385,22.557151527412504
New Toronto,106,018,98,10,42,20,5,1,1,100,35,11463,3342,1610,1390,1525,21.6,290,3970,210,3615,590,340,1250,405,95,105,30,50,65,7675,8.7,5750,5100,1585,14.045188868533543,12.125970513827095,13.303672686033325,2.529878740294862,34.633167582657244,1.8319811567652449,31.53624705574457,5.146994678530926,2.9660647300008725,10.904649742650266,3.5331065166186866,0.8287533804414202,0.9159905783826224,0.26171159382360637,0.4361859897060107,0.5670417866178138,66.95454941987263,50.16138881619122,44.490970950013086,13.827095873680536
Newtonbrook East,134,050,91,6,42,10,5,1,1,93,21,16097,3926,1585,2185,3320,24.9,165,9945,45,11215,745,4830,205,465,150,110,2320,1920,70,4320,8.8,8500,9065,10460,9.846555258743866,13.573957880350376,20.624961172889357,1.0250357209417904,61.78169845312791,0.2795551966204883,69.67136733552836,4.62819158849475,30.00559110393241,1.273529229048891,2.8887370317450456,0.9318506554016276,0.6833571472945269,14.412623470211841,11.927688389140833,0.43486363918742627,26.83729887556688,52.8048704727589,56.3148412747717,64.98105237000684
Newtonbrook West,67,036,156,47,54,16,6,0,1,157,69,23831,5070,2810,3325,4165,23.2,360,15665,65,13825,1025,2650,485,4355,105,185,1875,2210,100,9805,8.4,12580,11875,12400,11.79136418950107,13.95241492174059,17.477235533548736,1.5106374050606353,65.73370819520792,0.2727539759137258,58.01267256934245,4.301120389408753,11.119969787251899,2.0351642818178006,18.27451638621963,0.44060257647601864,0.7762997776006042,7.867903151357475,9.273635181066679,0.419621501405732,41.143888212832024,52.788384876841086,49.830053291930675,52.03306617431077
Niagara,68,082,214,18,70,9,17,1,4,219,44,31180,10156,2055,2415,1510,13.3,1005,8995,300,10665,2210,2260,1635,780,490,365,365,475,180,19765,4.5,15785,22575,6635,6.590763309813983,7.7453495830660675,4.842847979474022,3.2232200128287363,28.848620910840282,0.9621552277100706,34.20461834509301,7.087876844130853,7.248236048749199,5.2437459910198845,2.5016035920461834,1.5715202052597819,1.1706221937139192,1.1706221937139192,1.5234124438742784,0.5772931366260423,63.38999358563181,50.62540089801154,72.40218088518282,21.279666452854393
North Riverdale,32,068,48,5,41,34,6,1,2,51,45,11916,6770,1960,1170,1660,10.4,130,2925,100,2815,405,1230,330,135,10,105,30,25,140,8875,5.3,6095,6600,2070,16.44847264182612,9.818731117824774,13.930849278281302,1.0909701242027525,24.546827794561935,0.8392077878482713,23.623699227928835,3.3987915407854987,10.322255790533736,2.769385699899295,1.1329305135951662,0.08392077878482712,0.8811681772406849,0.25176233635448136,0.20980194696206783,1.1748909029875798,74.47969117153407,51.14971466935213,55.3877139979859,17.371601208459214
North St.James Town,73,074,139,16,53,23,8,0,2,141,47,18615,44321,2290,2265,1740,33.1,615,9485,195,12270,3770,890,2115,2800,395,270,380,325,85,6075,10.4,8745,9590,8520,12.301907064195541,12.167606768734892,9.347300564061241,3.30378726833199,50.95353209777061,1.04754230459307,65.91458501208703,20.252484555466022,4.78109051839914,11.36180499597099,15.041633091592802,2.12194466827827,1.4504431909750202,2.0413644910018802,1.7459038409884502,0.45662100456621,32.634971796937954,46.97824335213537,51.517593338705346,45.76954069298952
O'Connor-Parkview,49,054,134,7,34,28,6,1,5,140,41,18675,3780,3110,2385,2690,19.9,340,6890,380,6975,1730,635,1865,1120,155,100,435,100,145,11520,10.1,9630,7410,4265,16.653279785809907,12.771084337349398,14.404283801874163,1.820615796519411,36.8942436412316,2.034805890227577,37.34939759036144,9.2637215528781791,3.4002677376171353,9.98661311914324,5.997322623828648,0.8299866131191432,0.535475234270415,2.3293172690763053,0.535475234270415,0.7764390896921017,61.686746987951814,51.566265060240966,39.678714859437754,22.8380187416332
Oakridge,74,121,141,10,58,30,10,0,3,144,50,13845,7444,2865,1680,1655,35,145,7520,235,10250,4800,705,2500,675,125,125,600,30,25,3365,14.6,7060,4995,6960,20.693391115926328,12.134344528710725,11.953773925604912,1.0473094980137234,54.315637414228966,1.6973636691946552,74.03394727338389,34.66955579631636,5.092091007583965,18.057060310581438,4.8754062838569885,0.9028530155290719,0.9028530155290719,4.333694474539545,0.21668472372697722,0.18057060310581438,24.304803178042615,50.99313831708198,36.07800650054171,50.27085590465872
Oakwood Village,76,107,136,24,23,31,2,0,11,147,57,21210,9511,3130,2275,3700,16.3,1325,9965,255,9045,625,880,2720,1910,110,385,145,120,125,11910,6.8,11095,8295,4190,14.757190004714756,10.726072607260726,17.444601603017446,6.2470532767562466,46.98255539839698,1.2022630834512023,42.64497878359265,2.9467232437529467,4.148986327204149,12.824139556812824,9.005186232909006,0.5186232909005186,1.8151815181518154,0.6836397925506836,0.5657708628005658,0.5893446487505893,56.15275813295615,52.310231023102304,39.10891089108911,19.754832626119757
Old East York,50,058,48,6,26,10,2,1,1,50,18,9233,3997,1470,915,1520,11.5,110,3025,125,2470,295,745,265,430,30,190,100,55,65,6750,5,4705,4065,1880,15.921152388172857,9.91010505794433,16.462688183688943,1.1913787501353839,32.76291562872306,1.353839488790209,26.75186829849453,3.195061193544893,8.068883353189646,2.870139716235243,4.657207841438319,0.32492147730965015,2.057836022961118,1.083071591032167,0.5956893750676919,0.7039965341709087,73.10733239467129,50.958518358063465,44.0268601754576,20.361745911404743
Palmerston-Little Italy,107,080,70,18,39,24,6,0,1,71,48,13826,9601,1280,1465,1960,17.7,240,4100,160,2950,395,1135,330,95,55,85,75,200,125,10810,6.8,7145,7990,2110,9.257919861131201,10.595978591060321,14.176189787357153,1.7358599739621001,29.654274555185882,1.1572399826414002,21.336612179950816,2.856936207145957,8.209171126862433,2.386807464197888,0.6871112396933314,0.3978012440329814,0.6147837407782438,0.5424562418631563,1.4465499783017504,0.9040937364385939,78.1860263272096,51.67799797483003,57.789671633154924,15.261102271083466
Parkwoods-Donalda,108,045,177,26,47,34,3,0,3,180,63,34805,4691,5840,4680,5250,16.6,1025,17210,330,19075,3610,2875,3910,2435,1515,195,1600,580,225,15655,9.2,18335,15760,11520,16.77919839103577,13.44634391610401,15.08403964947565,2.9449791696595318,49.44691854618589,0.948139635109898,54.80534405976153,10.3720729780204,8.260307427093808,11.234018100847578,6.996121246947277,4.352822870277259,0.5602643298376669,4.597040655078293,1.6664272374658813,0.646458842120385,44.97916965953168,52.67921275678782,45.280850452521186,33.09869271656371
Pelmo Park-Humberlea,109,023,60,24,24,12,4,1,6,67,40,10722,2547,1745,1370,1590,9.3,820,4930,25,4675,750,230,1200,485,55,705,45,30,20,6035,6,5535,3445,2265,16.274948703600074,12.777466890505504,14.829322887520984,7.647826897966797,45.980227569483304,0.2331654542063048,43.601939936579,6.9949636261891435,2.145122178698004,11.19194180190263,4.5234098116023125,0.5129639992538706,6.575265808617795,0.4196978175713486,0.27979854504756574,0.18653236336504384,56.28614064540197,51.62283156127588,32.1301995896288,21.124790151091215
Playter Estates-Danforth,110,067,77,7,24,11,3,0,0,77,21,7804,8671,1150,735,1220,12.7,125,1795,80,1560,240,505,190,90,40,60,25,40,130,6085,6.4,3930,4475,1090,14.736032803690415,9.41824705279344,15.633008713480267,1.601742696053306,23.001025115325476,1.0251153254741157,19.989748846745258,3.075345976422348,6.471040492055356,2.434648898001025,1.1532547411583802,0.5125576627370578,0.768836494105587,0.3203485392106612,0.5125576627370578,1.665812403895438,77.97283444387494,50.358790363915936,57.342388518708354,13.967196309584828
Pleasant View,136,046,56,8,32,15,3,0,1,57,26,15818,5273,2050,2080,3195,15.9,145,9765,65,10155,1310,5630,745,610,405,125,480,250,110,5660,10,8225,7325,8515,12.95991907952965,13.14957643191301,20.198508028827916,0.9166772031862435,61.73346820078392,0.41092426349728156,64.1990137817676,8.281704387406752,35.5923631306107,4.709824250853458,3.8563661651283345,2.56037425717537,0.7902389682640031,3.0345176381337717,1.5804779365280062,0.6954102920723227,35.78202048299406,51.997724111771404,46.308003540270576,53.83107851814388
Princess-Rosethorn,31,010,29,24,33,34,2,1,1,31,60,11051,2138,1770,1580,2025,6,165,3360,60,2105,590,500,160,90,20,75,85,220,55,8945,6,5635,6040,1615,16.016650076916118,14.297348656230206,18.324133562573522,1.4930775495430277,30.404488281603477,0.5429372907429192,19.048049950230748,5.338883358972039,4.52447742285766,1.447832775314451,0.8144059361143787,0.1809790969143064,0.678671613428649,0.7691611618858022,1.9907700660573704,0.4976925165143426,80.94290109492354,50.990860555605835,54.65568726812053,14.614062075830242
Regent Park,88,072,121,3,25,19,3,0,5,126,25,10803,16880,1635,1775,730,35.3,285,5015,210,7470,2770,1350,1465,305,250,390,175,75,30,3205,9.6,5265,4570,5095,15.134684809775061,16.430621123761917,6.757382208645748,2.6381560677589557,46.42229010460057,1.9439044709802833,69.14745903915579,25.64102564102564,12.496528742016107,13.561047857076739,2.823289826899935,2.314171989262242,3.6101083032490973,1.6199203924835692,0.6942515967786725,0.27770063871146905,29.66768490234194,48.73646209386281,42.30306396371378,47.1628251411645
Rexdale-Kipling,104,004,72,23,16,16,0,0,4,76,39,10529,4229,1640,1355,1730,15.8,850,4975,115,5365,1420,165,1470,515,110,170,215,10,35,4990,10.9,5390,3505,2530,15.576028112831228,12.869218349320924,16.430810143413428,8.072941399943016,47.250451134960585,1.0922214835217021,50.9545066008168,13.486560926963625,1.5671003894007027,13.961439832842625,4.891252730553709,1.0447335929338017,1.6145882799886029,2.041979295279704,0.09497578117580018,0.3324152341153006,47.392914806724285,51.19194605375629,33.28901130211796,24.028872637477445
Rockcliffe-Smythe,116,111,142,34,38,61,4,0,3,145,99,22246,4414,3505,2740,3655,18.5,2200,11020,300,10225,990,465,3400,785,145,1285,85,55,90,12000,9.2,11515,6170,3755,15.755641463633912,12.316821001528364,16.429919985615392,9.889418322395036,49.53699541490605,1.3485570439629597,45.963319248404204,4.450238245077767,2.0902634181425874,15.283646498246876,3.5287242650364115,0.6518025712487638,5.776319338308011,0.3820911624561719,0.2472354580598759,0.4045671131888879,53.942281758518384,51.76211453744494,27.735323204171536,16.87943900026971
Roncesvalles,60,086,133,12,45,36,3,0,3,136,51,14974,9851,2300,1305,1680,19.3,290,4395,190,3795,835,560,770,300,60,315,30,70,95,11080,6.7,7505,7620,2205,15.359957259249365,8.715106184052356,11.219447041538668,1.936690263122746,29.35087484973955,1.2688660344597302,25.34392947776145,5.576332309336183,3.739815680512889,5.142246560705222,2.0034726859890477,0.40069453719780956,2.1036463202885,0.20034726859890478,0.4674769600641111,0.6344330172298651,73.99492453586217,50.12020836115935,50.88820622412181,14.7255242420195
Rosedale-Moore Park,75,098,108,12,60,20,9,0,1,109,41,20923,4500,2625,2185,5140,9.7,270,5495,150,3740,605,1150,395,210,155,45,235,300,135,16880,6,11270,13740,2680,12.546002007360322,10.443053099459924,24.566266787745544,1.2904459207570615,26.262964202074272,0.7169144004205897,17.875065717153372,2.8915547483630455,5.496343736557855,1.8878745877742198,1.0036801605888257,0.7408115471012761,0.21507432012617694,1.1231658939922573,1.4338288008411795,0.6452229603785308,80.67676719399704,53.86416861826698,65.66935907852603,12.80887062084787
Rouge,98,131,148,22,76,34,13,0,6,154,69,46496,1260,7960,6700,6625,7.8,495,25575,255,37315,20175,2100,6525,4095,395,295,535,65,105,8750,8.2,24000,18145,27370,17.119752236751548,14.40984170681349,14.24853750860289,1.0646077081899519,55.004731589814185,0.5484342739160357,80.2542154163799,43.390829318651065,4.516517549896766,14.033465244322091,8.807209222298692,0.8495354439091534,0.6344631796283551,1.1506366139022712,0.13979697178251893,0.2258258774948383,18.818823124569857,51.6173434273916,39.02486235375086,58.865278733654506
Runnymede-Bloor West Village,54,089,41,11,22,16,1,0,0,41,28,10070,6333,2050,960,1245,5.8,120,2335,125,1600,245,365,215,145,20,50,25,115,135,8465,5.1,5280,5435,1080,20.357497517378352,9.533267130089374,12.363455809334658,1.1916583912611718,23.187686196623638,1.2413108242303872,15.888778550148958,2.432969215491559,3.624627606752731,2.1350546176762664,1.4399205561072492,0.19860973187686196,0.49652432969215493,0.24826216484607747,1.1420059582919564,1.3406156901688182,84.06156901688183,52.43296921549155,53.97219463753724,10.724925521350546
Rustic,14,028,83,10,17,9,3,0,8,91,22,9941,4734,1940,1405,1865,24.2,735,5105,45,5810,420,135,3455,355,45,260,30,0,0,3945,9.1,5490,2265,1200,19.5151393219998,14.133386983200886,18.760688059551352,7.39362237199477,51.352982597324214,0.4526707574690675,58.444824464339604,4.224927069711296,1.3580122724072026,34.7550548234584,3.5710693089226435,0.4526707574690675,2.6154310431546124,0.30178050497937836,0,0,39.68413640478825,55.225832411226236,22.784428125943066,12.071220199175134
Scarborough Village,15,139,191,9,34,25,2,6,3,200,36,16724,5395,3365,2360,2225,25.7,280,8975,210,12065,5520,390,3330,950,140,70,570,20,20,4370,13,8725,5700,7540,20.120784501315477,14.111456589332697,13.304233436976801,1.6742406122937097,53.66539105477158,1.2556804592202824,72.14183209758431,33.00645778521884,2.33197799569481,19.911504424778762,5.68045922028223,0.8371203061468548,0.4185601530734274,3.408275532169337,0.1195886151638364,0.1195886151638364,26.130112413298257,52.170533365223626,34.08275532169338,45.084907916766326
South Parkdale,16,085,220,23,68,34,9,1,7,228,66,21849,9583,2115,2275,2540,27.1,515,8920,470,9920,1830,680,2105,1505,165,680,145,100,60,10730,8.6,10895,9975,5000,9.68007689139091,10.412375852441759,11.625246006682229,2.3570872808824204,40.82566707858483,2.151128198086869,45.402535585152634,8.375669367019086,3.112270584466108,9.634308206325231,6.888187102384548,0.755183303583688,3.112270584466108,0.6636459334523319,0.4576868506567806,0.2746121103940684,49.10979907547256,49.86498237905625,45.65426335301387,22.88434253283903
South Riverdale,17,070,228,27,149,45,22,3,7,238,94,27876,3136,3975,2445,3330,17.6,310,8210,510,11225,1170,5800,1380,565,160,650,130,165,175,15815,6.5,13940,13655,8655,14.259578131726217,8.770985794231597,11.945759793370641,1.1120677285119815,29.45185822930119,1.829530779164873,40.26761371789353,4.1971588463194145,20.80642846893385,4.9504950495049505,2.026833118094418,0.5739704405223132,2.331754914621897,0.4663509829243794,0.5919070167886353,0.6277801693212799,56.73339073037739,50.007174630506526,48.98478978332616,31.048213517003877
St.Andrew-Windfields,18,040,56,10,57,24,9,0,2,58,43,17812,2430,2645,2540,3235,13.4,305,8835,50,8940,1075,3845,660,395,185,70,1120,820,145,8735,8.3,9290,10180,7470,14.849539636200316,14.260049404895575,18.161913316865036,1.7123287671232876,49.601392319784416,0.2807096339546373,50.19088255108915,6.035257130024703,21.58657085111161,3.7053671682012124,2.2176061082416347,1.038625645632158,0.3929934875364922,6.287895800583875,4.603637996856052,0.8140579384684482,49.039973051875144,52.15584998877162,57.152481473164165,41.93801931282282
Steeles,127,116,45,30,48,16,2,0,0,45,48,24623,5436,3150,2685,5755,19.9,30,17440,10,22075,1560,17755,595,595,515,170,110,120,60,2200,9.5,12890,9335,20370,12.792917191243959,10.904438939203184,23.372456646225075,0.1218373065832758,70.828087560411,0.0406124355277586,89.65195142752711,6.335539942330342,72.1073792795354,2.4164399139016366,2.4164399139016366,2.091540429679568,0.6904114039718962,0.44673679080534456,0.4873492263331032,0.2436746131665516,8.934735816106892,52.349429395280836,37.911708565162655,82.72753117004427
Stonegate-Queensway,5,016,78,14,49,13,4,0,0,78,31,25051,3199,4060,2495,4165,9.5,400,8635,155,4595,925,565,585,510,110,275,175,230,150,20310,6.7,12755,12685,2830,16.206937846792542,9.959682248213644,16.626082791106146,1.5967426450041913,34.469681849027985,0.6187377749391242,18.34258113448565,3.6924673665721928,2.2553989860684203,2.33523611831863,2.0358468723803442,0.4391042273761527,1.0977605684403817,0.6985749071893338,0.91812702087741,0.5987784918765718,81.07460780008782,50.91613109257116,50.63670112969542,11.296954213404655
Tam O'Shanter-Sullivan,6,118,100,21,62,24,8,0,2,102,53,27446,5073,3885,3225,6160,19.1,360,16725,145,20325,4690,8665,1860,2145,570,165,425,255,175,6705,9.1,14700,11340,16520,14.155068133789989,11.750346134227211,22.44407199591926,1.3116665452160607,60.93784157982949,0.52831013626758,74.05450703199008,17.088100269620345,31.571085039714347,6.776943816949646,7.815346498579028,2.0768053632587624,0.6011804998906944,1.5484952269911827,0.9290971361947096,0.6376156817022517,24.42978940464913,53.55971726298914,41.317496174305916,60.19092035269256
Taylor-Massey,19,061,98,7,42,17,5,1,2,101,29,15683,15528,2950,1690,1705,27.3,215,8705,225,10355,5975,675,1535,670,115,175,260,160,55,5125,11.5,7985,6960,7970,18.810176624370335,10.775999489893515,10.871644455780144,1.3709111777083467,55.505961869540265,1.4346744882994324,66.02690811706944,38.098578078173816,4.304023464898298,9.787668175731683,4.272141809602754,0.7332780717974877,1.115857935344003,1.6578460753682331,1.0202129694573743,0.3506982082509724,32.67869667793152,50.91500350698208,44.379264171395775,50.81935854109545
The Beaches,7,063,81,7,77,19,3,0,0,81,29,21567,6058,3825,2075,2955,8.2,215,4225,305,2980,645,615,345,230,90,160,55,115,110,18465,5.7,11340,12290,1930,17.73542912783419,9.621180507256456,13.70148838503269,0.9968934019566931,19.59011452682339,1.4141976167292623,13.817406222469513,2.9906802058700794,2.8515788009458896,1.5996661566281818,1.066444104418788,0.4173042147725692,0.7418741595956786,0.2550192423610145,0.533222052209394,0.510038484722029,85.61691473083877,52.58033106134372,56.98520888394306,8.948857050122873
Thistletown-Beaumond Heights,8,003,46,15,23,15,1,0,2,48,31,10360,3130,1730,1410,1880,14.7,660,5465,50,6510,2555,110,1645,305,380,120,250,40,15,3615,10.4,5285,3410,3395,16.698841698841697,13.610038610038611,18.146718146718147,6.370656370656371,52.75096525096525,0.4826254826254826,62.83783783783784,24.66216216216216,1.0617760617760617,15.878378378378377,2.9440154440154442,3.667953667953668,1.1583011583011582,2.413127413127413,0.3861003861003861,0.14478764478764478,34.89382239382239,51.01351351351351,32.915057915057915,32.77027027027027
Thorncliffe Park,9,055,88,4,24,15,11,1,1,90,30,21108,6787,5600,2455,2365,36.4,305,13270,100,16495,9845,435,1115,1505,685,95,1795,130,20,4345,12.6,10790,7650,13825,26.53022550691681,11.630661360621565,11.20428273640326,1.4449497820731476,62.86715937085465,0.47375402690922874,78.14572673867728,46.64108394921357,2.060830017055145,5.2823574000379,7.129998104983892,3.2452150843282164,0.45006632556376724,8.503884783020656,0.6158802349819974,0.09475080538184574,20.584612469205986,51.118059503505776,36.242183058556,65.49649422020087
Trinity-Bellwoods,38,081,130,21,46,18,2,1,4,135,41,16556,9570,1745,1630,2350,17.6,190,5810,125,4820,280,3225,320,140,65,165,50,65,80,11410,6.1,8340,7710,4005,10.539985503744866,9.845373278569703,14.194249818796811,1.1476201981154868,35.093017637110414,0.7550132882338729,29.11331239429814,1.6912297656438753,19.479342836433922,1.9328340178787147,0.8456148828219376,0.3926069098816139,0.9966175404687123,0.3020053152935491,0.3926069098816139,0.48320850446967867,68.91761294998791,50.374486590964,46.569219618265286,24.190625755013286
University,61,079,154,13,51,38,7,0,0,154,58,7607,5395,565,1485,1320,26.4,120,2015,80,2205,395,835,180,140,40,80,40,165,105,4470,8.3,3835,4290,1760,7.427369528066255,19.52149336137768,17.352438543446823,1.5774944130406205,26.488760352307082,1.0516629420270804,28.986459839621403,5.192585776258709,10.976731957407651,2.366241619560931,1.8404101485473907,0.5258314710135402,1.0516629420270804,0.5258314710135402,2.169054817930853,1.3803076114105428,58.761666885763105,50.41409228342316,56.39542526620218,23.136584724595767
Victoria Village,39,043,129,20,22,12,4,1,3,133,36,17510,3710,2630,2030,3405,20.1,430,9185,240,10155,2985,730,2075,1240,1070,95,720,160,75,7035,10.1,9395,7115,6005,15.019988577955454,11.593375214163336,19.446030839520272,2.455739577384352,52.45573957738435,1.3706453455168475,57.99543118218161,17.04740148486579,4.169046259280411,11.850371216447744,7.081667618503712,6.110793832095945,0.5425471159337522,4.111936036550542,0.9137635636778983,0.4283266704740148,40.177041690462595,53.6550542547116,40.63392347230154,34.294688749286124
Waterfront Communities-The Island,40,077,866,38,213,72,58,0,8,874,168,65913,8943,3650,7840,4635,16,1405,23820,625,28895,6735,9020,3650,1380,1440,675,1300,1055,555,36715,5.2,32645,50655,20720,5.537602597363191,11.894466948856826,7.031996722952984,2.131597712135694,36.13854626553184,0.9482196228361628,43.838089602961475,10.21801465568249,13.6847055967715,5.537602597363191,2.0936689272222475,2.184698011014519,1.0240771926630559,1.9722968154992186,1.6005947233474427,0.8420190250785127,55.702213523887544,49.52740733997846,76.85130399162531,31.43537693626447
West Hill,41,136,422,15,72,77,8,0,6,428,100,27392,2856,4635,3950,4240,20.8,555,13345,605,17075,5060,685,5835,2330,115,215,510,80,55,9885,11.6,14300,9555,8935,16.9209988317757,14.420268691588786,15.478971962616821,2.0261390186915884,48.718603971962615,2.2086740654205608,62.335718457943926,18.472546728971963,2.5007301401869158,21.301839953271028,8.506133177570094,0.41983060747663553,0.7849007009345795,1.861857476635514,0.29205607476635514,0.20078855140186913,36.08717873831775,52.20502336448598,34.88244742990654,32.619012850467286
West Humber-Clairville,42,001,296,320,131,92,41,4,12,312,453,33312,1117,5060,5445,4980,13.8,1300,19230,150,26945,13920,470,6260,1615,240,490,300,60,60,5940,9.6,16710,11995,16915,15.189721421709896,16.345461095100863,14.949567723342941,3.9024975984630164,57.726945244956774,0.45028818443804036,80.88676753121999,41.78674351585015,1.4109029779058597,18.792026897214217,4.848102785782901,0.7204610951008645,1.4709414024975986,0.9005763688760807,0.18011527377521613,0.18011527377521613,17.8314121037464,50.16210374639769,36.0080451488953,50.777497598463015
Westminster-Branson,43,035,113,24,19,12,7,0,3,116,43,26274,7339,3440,3355,5130,20.3,450,18155,50,11715,720,775,1050,5990,270,120,850,925,105,14410,9.2,14240,13505,9485,13.092791352668037,12.769277612849205,19.525005709065997,1.712719799040877,69.09872878130471,0.19030219989343075,44.58780543503083,2.7403516784654034,2.9496840983481767,3.9963461977620462,22.798203547233005,1.027631879424526,0.4567252797442339,3.235137398188323,3.5205906980284687,0.39963461977620457,54.84509400928674,54.19806652964908,51.40062419121565,36.100327319783815
Weston,119,113,183,40,44,43,4,4,13,200,87,17992,7197,3100,2225,2445,25.1,1390,8690,200,10755,765,335,6045,590,120,550,145,75,65,6925,10.6,9475,5705,2525,17.229879946642953,12.366607381058248,13.589373054690974,7.7256558470431305,48.29924410849266,1.1116051578479325,59.77656736327257,4.251889728768341,1.8619386393952868,33.59826589595375,3.2792352156514006,0.6669630947087595,3.056914184081814,0.8059137394397511,0.41685193419297467,0.36127167630057805,38.48932859048466,52.6622943530458,31.708537127612274,14.034015117830148
Weston-Pellam Park,91,091,83,16,15,15,8,1,4,88,39,11098,7601,1675,1415,1325,18.5,780,5370,170,4210,410,285,1255,315,80,495,30,10,30,6885,8.5,5500,3225,1575,15.09280951522797,12.750045053162731,11.939088123986304,7.028293386195711,48.38709677419355,1.5318075328888088,37.93476302036403,3.694359344025951,2.568030275725356,11.308343845737971,2.8383492521174984,0.7208506037123805,4.460263110470355,0.27031897639214275,0.09010632546404757,0.27031897639214275,62.03820508199676,49.55847900522617,29.059289962155344,14.191746260587493
Wexford/Maryvale,77,119,202,44,75,25,13,2,4,208,82,27917,2724,4215,3650,4715,15.4,600,13905,200,15285,4195,1910,2055,3405,1185,215,535,190,70,12270,9,14340,10255,10520,15.098327184153023,13.07447075258803,16.889350574918506,2.14922806891858,49.80836049718809,0.7164093563061934,54.75158505570082,15.026686248522406,6.8417093527241475,7.361106136046137,12.196869291112943,4.244725436114195,0.7701400580291579,1.9163950281190674,0.6805888884908837,0.2507432747071677,43.951714009384965,51.366550847154066,36.73388974460006,37.68313214170577
Willowdale East,96,051,159,44,75,41,13,0,0,159,98,50434,10087,5920,6940,6270,26.7,825,31040,105,37715,3375,16980,1135,845,1320,385,5985,5255,665,12545,8.5,26730,31815,33490,11.738113177618272,13.760558353491692,12.43208946345719,1.6358012451917356,61.545782606971486,0.20819288575167544,74.78090177261372,6.691914184875282,33.667763810128086,2.2504659555062063,1.6754570329539598,2.617281992306777,0.76337391442281,11.866994487845501,10.41955823452433,1.3185549430939445,24.874092873854938,52.99996034421224,63.082444382757664,66.40361660784392
Willowdale West,97,037,86,11,38,10,4,0,1,87,25,16936,5820,1785,2230,3370,23.6,190,9390,95,9630,860,3655,220,265,190,170,1730,1930,145,7040,9.8,8960,9905,8755,10.539678790741617,13.167217760982522,19.898441190363723,1.1218705715635333,55.444024563060935,0.5609352857817667,56.86112423240435,5.077940481813887,21.581247047709024,1.2990080302314597,1.564714218233349,1.1218705715635333,1.0037789324515825,10.214926783183751,11.395843174303259,0.8561643835616438,41.56825696740671,52.90505432215399,58.484884270193675,51.694615021256496
Willowridge-Martingrove-Richview,111,007,104,49,35,56,5,0,5,109,110,22156,4007,3555,2625,4905,11.2,935,10030,85,8870,2340,515,2960,645,135,110,150,410,90,13270,8.5,11520,8805,4260,16.045315038815673,11.847806463260516,22.138472648492506,4.220075825961365,45.26990431485828,0.38364325690557866,40.03430222061744,10.561473190106517,2.324426791839682,13.359812240476622,2.9111753024011553,0.6093157609676837,0.4964795089366311,0.6770175121863152,1.8505145333092616,0.4062105073117891,59.89348257808269,51.994944935909004,39.7409279653367,19.22729734609135
Woburn,112,137,365,32,80,73,14,1,4,370,119,53485,4345,9625,7660,8010,22.4,745,30185,440,40510,21545,3715,5835,4090,610,315,1320,210,100,12495,10.6,27540,19515,31295,17.995699728895953,14.321772459568102,14.976161540618865,1.3929139010937646,56.43638403290642,0.8226605590352435,75.7408619239039,40.28232214639619,6.945872674581659,10.90960082266056,7.647003832850332,1.1405066841170421,0.5889501729456857,2.4679816771057306,0.3926334486304571,0.18696830887164625,23.3616901935122,51.49107226325138,36.486865476301766,58.5117322613817
Woodbine Corridor,133,064,78,9,52,6,6,0,1,79,21,12541,7838,2325,1035,1380,13.9,140,2935,280,3380,610,1025,775,235,40,75,30,50,100,9050,7.7,6520,6205,2125,18.53919145203732,8.25293038832629,11.003907184435054,1.1163384100151503,23.403237381389044,2.2326768200303007,26.95159875608006,4.864045929351726,8.173191930468064,6.179730484012439,1.873853759668288,0.31895383143290007,0.5980384339366877,0.23921537357467507,0.39869228929112516,0.7973845785822503,72.16330436169365,51.98947452356272,49.47771310102863,16.94442229487282
Woodbine-Lumsden,113,060,36,2,14,3,6,0,1,37,11,7865,6722,1165,675,1095,13.5,155,2190,190,2435,345,730,475,290,45,55,30,65,70,5415,6.6,4040,3605,1585,14.812460267005722,8.582326764144947,13.922441195168467,1.9707565162110616,27.844882390336934,2.4157660521296886,30.959949141767325,4.386522568340751,9.281627463445645,6.039415130324221,3.6872218690400507,0.5721551176096631,0.6993006993006993,0.3814367450731087,0.8264462809917356,0.8900190718372537,68.84933248569612,51.36681500317864,45.83598219961856,20.152574698029245
Wychwood,137,094,80,18,30,9,4,0,0,80,31,14349,8541,1860,1320,3150,15.6,445,4345,180,3635,255,805,865,440,95,165,55,135,60,9605,5.2,7715,6815,1915,12.962575789253606,9.199247334309012,21.95274932051014,3.1012614119450834,30.28085580876716,1.2544428183148653,25.332775803191858,1.777127325946059,5.610147048574814,6.028294654679769,3.0664157781030035,0.6620670429995121,1.1499059167886265,0.38330197226287543,0.940832113736149,0.41814760610495505,66.93846261063489,53.766813018328804,47.49459892675448,13.345877761516482
Yonge-Eglinton,129,100,67,4,19,14,2,0,0,67,20,11817,7162,1800,1225,1600,11.1,220,3180,95,3155,445,980,295,290,105,75,215,250,115,8650,6.9,6300,7765,2370,15.232292460015232,10.366421257510366,13.53981552001354,1.8617246340018618,26.91038334602691,0.803926546500804,26.698823728526698,3.7657611915037656,8.293137006008292,2.4964034865024964,2.454091563002454,0.8885503935008886,0.6346788525006346,1.8194127105018194,2.115596175002116,0.9731742405009732,73.1996276550732,53.313023610053314,65.71041719556571,20.055851739020056
Yonge-St.Clair,1,097,34,7,12,6,7,0,1,35,20,12528,10708,1210,920,2905,12.1,160,3580,95,2555,560,575,235,230,125,50,190,135,115,9740,5.9,6875,8545,1855,9.658365261813538,7.343550446998723,23.188058748403577,1.277139208173691,28.575989782886335,0.758301404853129,20.394316730523627,4.469987228607918,4.589719029374202,1.8757982120051087,1.8358876117496807,0.9977650063856961,0.3991060025542784,1.516602809706258,1.0775862068965518,0.9179438058748404,77.74584929757343,54.87707535121328,68.20721583652617,14.806832694763731
York University Heights,2,027,363,106,98,70,38,2,4,369,214,27593,2086,4045,4750,3530,22.5,1765,15595,170,19135,4180,1500,5205,2645,280,1375,605,390,30,8430,10.7,13955,10085,10725,14.659515094408002,17.214510926684305,12.793099699199074,6.396549849599537,56.51795745297721,0.6160982857971224,69.34729822781141,15.148769615482188,5.436161345268728,18.863479868082482,9.585764505490522,1.0147501177834959,4.9831478998296665,2.1925850759250536,1.4134019497698693,0.10872322690537455,30.55122676041025,50.57442104881673,36.54912477802341,38.868553618671406
Yorkdale-Glen Park,4,031,175,41,66,24,26,1,3,179,91,14804,2451,1960,1870,3295,13.9,710,7265,70,6340,865,850,1460,1110,50,535,50,55,40,7695,8,7945,4480,3505,13.239664955417455,12.631721156444204,22.25749797352067,4.796001080788976,49.074574439340715,0.4728451769791948,42.826263172115645,5.843015401242908,5.7416914347473655,9.862199405566063,7.49797352067009,0.33774655498513917,3.613888138340989,0.33774655498513917,0.37152121048365305,0.27019724398811135,51.97919481221292,53.66792758713861,30.262091326668468,23.676033504458253
